year,month,day,hour,temp,temp_source,rhum,rhum_source,prcp,prcp_source,wdir,wdir_source,wspd,wspd_source,wpgt,wpgt_source,pres,pres_source,cldc,cldc_source,coco,coco_source,datetime
2025,9,20,0,28.0,metar,70,metar,0.3,dwd_mosmix,90,metar,13.0,metar,,,1015.0,metar,4,metar,1.0,dwd_mosmix,2025-09-20 00:00:00
2025,9,20,1,27.0,metar,74,metar,0.0,dwd_mosmix,130,metar,19.0,metar,,,1016.0,metar,6,metar,2.0,dwd_mosmix,2025-09-20 01:00:00
2025,9,20,2,24.0,metar,94,metar,0.0,dwd_mosmix,140,metar,17.0,metar,,,1017.0,metar,4,metar,7.0,metar,2025-09-20 02:00:00
2025,9,20,3,23.0,metar,100,metar,0.0,dwd_mosmix,110,metar,4.0,metar,,,1017.0,metar,4,dwd_mosmix,2.0,dwd_mosmix,2025-09-20 03:00:00
2025,9,20,4,23.0,metar,89,metar,0.0,dwd_mosmix,40,metar,11.0,metar,,,1017.0,metar,4,dwd_mosmix,2.0,dwd_mosmix,2025-09-20 04:00:00
2025,9,20,5,23.0,metar,94,metar,0.0,dwd_mosmix,250,metar,4.0,metar,,,1017.0,metar,6,metar,3.0,dwd_mosmix,2025-09-20 05:00:00
2025,9,20,6,23.4,dwd_mosmix,98,dwd_mosmix,0.0,dwd_mosmix,17,dwd_mosmix,1.8,dwd_mosmix,,,1016.1,dwd_mosmix,4,dwd_mosmix,2.0,dwd_mosmix,2025-09-20 06:00:00
2025,9,20,7,23.2,dwd_mosmix,98,dwd_mosmix,0.0,dwd_mosmix,208,dwd_mosmix,3.7,dwd_mosmix,,,1015.1,dwd_mosmix,4,dwd_mosmix,2.0,dwd_mosmix,2025-09-20 07:00:00
2025,9,20,8,23.1,dwd_mosmix,96,dwd_mosmix,0.0,dwd_mosmix,180,dwd_mosmix,3.7,dwd_mosmix,,,1014.1,dwd_mosmix,4,dwd_mosmix,2.0,dwd_mosmix,2025-09-20 08:00:00
2025,9,20,9,22.9,dwd_mosmix,95,dwd_mosmix,0.0,dwd_mosmix,203,dwd_mosmix,3.7,dwd_mosmix,,,1014.1,dwd_mosmix,5,dwd_mosmix,2.0,dwd_mosmix,2025-09-20 09:00:00
2025,9,20,10,22.2,dwd_mosmix,94,dwd_mosmix,0.0,dwd_mosmix,246,dwd_mosmix,5.5,dwd_mosmix,,,1014.8,dwd_mosmix,4,dwd_mosmix,3.0,dwd_mosmix,2025-09-20 10:00:00
2025,9,20,11,21.5,dwd_mosmix,93,dwd_mosmix,0.0,dwd_mosmix,261,dwd_mosmix,5.5,dwd_mosmix,,,1015.6,dwd_mosmix,4,dwd_mosmix,4.0,dwd_mosmix,2025-09-20 11:00:00
2025,9,20,12,23.0,metar,94,metar,0.0,dwd_mosmix,140,metar,4.0,metar,,,1018.0,metar,8,metar,4.0,dwd_mosmix,2025-09-20 12:00:00
2025,9,20,13,24.0,metar,89,metar,0.0,dwd_mosmix,80,metar,4.0,metar,,,1018.0,metar,6,metar,4.0,dwd_mosmix,2025-09-20 13:00:00
2025,9,20,14,25.0,metar,84,metar,0.0,dwd_mosmix,110,metar,7.0,metar,,,1019.0,metar,4,metar,3.0,dwd_mosmix,2025-09-20 14:00:00
2025,9,20,15,27.0,metar,74,metar,0.0,dwd_mosmix,100,metar,9.0,metar,,,1019.0,metar,2,metar,3.0,dwd_mosmix,2025-09-20 15:00:00
2025,9,20,16,28.0,metar,70,metar,0.0,dwd_mosmix,130,metar,9.0,metar,,,1019.0,metar,6,metar,2.0,dwd_mosmix,2025-09-20 16:00:00
2025,9,20,17,28.0,metar,70,metar,0.1,dwd_mosmix,110,metar,13.0,metar,,,1019.0,metar,6,metar,2.0,dwd_mosmix,2025-09-20 17:00:00
2025,9,20,18,29.0,metar,70,metar,0.1,dwd_mosmix,100,metar,15.0,metar,,,1018.0,metar,6,metar,3.0,dwd_mosmix,2025-09-20 18:00:00
2025,9,20,19,31.0,metar,63,metar,0.1,dwd_mosmix,100,metar,7.0,metar,,,1017.0,metar,4,metar,3.0,dwd_mosmix,2025-09-20 19:00:00
2025,9,20,20,31.0,metar,59,metar,0.2,dwd_mosmix,110,metar,11.0,metar,,,1016.0,metar,4,metar,3.0,dwd_mosmix,2025-09-20 20:00:00
2025,9,20,21,32.0,metar,52,metar,0.1,dwd_mosmix,110,metar,15.0,metar,,,1015.0,metar,4,metar,3.0,dwd_mosmix,2025-09-20 21:00:00
2025,9,20,22,31.0,metar,59,metar,0.0,dwd_mosmix,120,metar,13.0,metar,,,1015.0,metar,4,metar,3.0,dwd_mosmix,2025-09-20 22:00:00
2025,9,20,23,30.0,metar,62,metar,0.0,dwd_mosmix,130,metar,15.0,metar,,,1015.0,metar,4,metar,1.0,dwd_mosmix,2025-09-20 23:00:00
2025,9,21,0,29.0,metar,66,metar,0.0,dwd_mosmix,100,metar,11.0,metar,,,1015.0,metar,2,metar,1.0,dwd_mosmix,2025-09-21 00:00:00
2025,9,21,1,28.0,metar,70,metar,0.0,dwd_mosmix,90,metar,9.0,metar,,,1015.0,metar,2,metar,1.0,dwd_mosmix,2025-09-21 01:00:00
2025,9,21,2,27.0,metar,74,metar,0.0,dwd_mosmix,90,metar,6.0,metar,,,1016.0,metar,2,metar,2.0,dwd_mosmix,2025-09-21 02:00:00
2025,9,21,3,25.0,metar,84,metar,0.0,dwd_mosmix,100,metar,19.0,metar,,,1016.0,metar,6,metar,2.0,dwd_mosmix,2025-09-21 03:00:00
2025,9,21,4,25.0,metar,84,metar,0.0,dwd_mosmix,100,metar,7.0,metar,,,1017.0,metar,2,metar,2.0,dwd_mosmix,2025-09-21 04:00:00
2025,9,21,5,24.0,metar,89,metar,0.0,dwd_mosmix,110,metar,13.0,metar,,,1016.0,metar,2,dwd_mosmix,2.0,dwd_mosmix,2025-09-21 05:00:00
2025,9,21,6,23.7,dwd_mosmix,96,dwd_mosmix,0.0,dwd_mosmix,141,dwd_mosmix,1.8,dwd_mosmix,,,1015.0,dwd_mosmix,3,dwd_mosmix,1.0,dwd_mosmix,2025-09-21 06:00:00
2025,9,21,7,23.5,dwd_mosmix,96,dwd_mosmix,0.0,dwd_mosmix,187,dwd_mosmix,3.7,dwd_mosmix,,,1013.7,dwd_mosmix,3,dwd_mosmix,1.0,dwd_mosmix,2025-09-21 07:00:00
2025,9,21,8,23.4,dwd_mosmix,94,dwd_mosmix,0.0,dwd_mosmix,175,dwd_mosmix,5.5,dwd_mosmix,,,1012.5,dwd_mosmix,4,dwd_mosmix,1.0,dwd_mosmix,2025-09-21 08:00:00
2025,9,21,9,23.1,dwd_mosmix,94,dwd_mosmix,0.0,dwd_mosmix,192,dwd_mosmix,5.5,dwd_mosmix,,,1012.3,dwd_mosmix,4,dwd_mosmix,2.0,dwd_mosmix,2025-09-21 09:00:00
2025,9,21,10,23.4,dwd_mosmix,89,dwd_mosmix,0.0,dwd_mosmix,238,dwd_mosmix,5.5,dwd_mosmix,,,1012.7,dwd_mosmix,4,dwd_mosmix,2.0,dwd_mosmix,2025-09-21 10:00:00
2025,9,21,11,22.7,dwd_mosmix,86,dwd_mosmix,0.0,dwd_mosmix,255,dwd_mosmix,7.4,dwd_mosmix,,,1013.4,dwd_mosmix,2,dwd_mosmix,2.0,dwd_mosmix,2025-09-21 11:00:00
2025,9,21,12,24.0,metar,94,metar,0.0,dwd_mosmix,100,metar,7.0,metar,,,1015.0,metar,6,metar,1.0,dwd_mosmix,2025-09-21 12:00:00
2025,9,21,13,25.0,metar,89,metar,0.0,dwd_mosmix,80,metar,9.0,metar,,,1016.0,metar,6,metar,2.0,dwd_mosmix,2025-09-21 13:00:00
2025,9,21,14,25.0,metar,89,metar,0.0,dwd_mosmix,110,metar,6.0,metar,,,1016.0,metar,4,metar,2.0,dwd_mosmix,2025-09-21 14:00:00
2025,9,21,15,27.0,metar,74,metar,0.0,dwd_mosmix,120,metar,11.0,metar,,,1016.0,metar,4,metar,2.0,dwd_mosmix,2025-09-21 15:00:00
2025,9,21,16,29.0,metar,66,metar,0.0,dwd_mosmix,90,metar,9.0,metar,,,1016.0,metar,6,metar,2.0,dwd_mosmix,2025-09-21 16:00:00
2025,9,21,17,29.0,metar,66,metar,0.0,dwd_mosmix,110,metar,13.0,metar,,,1016.0,metar,6,metar,2.0,dwd_mosmix,2025-09-21 17:00:00
2025,9,21,18,31.0,metar,63,metar,0.0,dwd_mosmix,110,metar,17.0,metar,,,1015.0,metar,6,metar,2.0,dwd_mosmix,2025-09-21 18:00:00
2025,9,21,19,31.0,metar,59,metar,0.0,dwd_mosmix,100,metar,11.0,metar,,,1014.0,metar,6,metar,3.0,dwd_mosmix,2025-09-21 19:00:00
2025,9,21,20,31.0,metar,59,metar,0.0,dwd_mosmix,100,metar,15.0,metar,,,1013.0,metar,4,metar,2.0,dwd_mosmix,2025-09-21 20:00:00
2025,9,21,21,31.0,metar,55,metar,0.0,dwd_mosmix,110,metar,17.0,metar,,,1012.0,metar,4,metar,2.0,dwd_mosmix,2025-09-21 21:00:00
2025,9,21,22,32.0,metar,52,metar,0.1,dwd_mosmix,120,metar,15.0,metar,,,1012.0,metar,2,metar,2.0,dwd_mosmix,2025-09-21 22:00:00
2025,9,21,23,31.0,metar,55,metar,0.0,dwd_mosmix,120,metar,9.0,metar,,,1012.0,metar,2,metar,1.0,dwd_mosmix,2025-09-21 23:00:00
2025,9,22,0,30.0,metar,62,metar,0.0,dwd_mosmix,90,metar,9.0,metar,,,1012.0,metar,1,dwd_mosmix,1.0,dwd_mosmix,2025-09-22 00:00:00
2025,9,22,1,29.0,metar,66,metar,0.0,dwd_mosmix,110,metar,9.0,metar,,,1012.0,metar,1,dwd_mosmix,1.0,dwd_mosmix,2025-09-22 01:00:00
2025,9,22,2,27.9,dwd_mosmix,69,dwd_mosmix,0.0,dwd_mosmix,136,dwd_mosmix,16.7,dwd_mosmix,,,1009.9,dwd_mosmix,2,dwd_mosmix,1.0,dwd_mosmix,2025-09-22 02:00:00
2025,9,22,3,26.0,metar,84,metar,0.0,dwd_mosmix,100,metar,11.0,metar,,,1013.0,metar,2,dwd_mosmix,1.0,dwd_mosmix,2025-09-22 03:00:00
2025,9,22,4,26.0,metar,84,metar,0.0,dwd_mosmix,80,metar,9.0,metar,,,1013.0,metar,1,dwd_mosmix,2.0,dwd_mosmix,2025-09-22 04:00:00
2025,9,22,5,25.0,metar,89,metar,0.0,dwd_mosmix,120,metar,9.0,metar,,,1013.0,metar,1,dwd_mosmix,1.0,dwd_mosmix,2025-09-22 05:00:00
2025,9,22,6,24.1,dwd_mosmix,95,dwd_mosmix,0.0,dwd_mosmix,275,dwd_mosmix,3.7,dwd_mosmix,,,1012.0,dwd_mosmix,2,dwd_mosmix,1.0,dwd_mosmix,2025-09-22 06:00:00
2025,9,22,7,23.7,dwd_mosmix,95,dwd_mosmix,0.0,dwd_mosmix,186,dwd_mosmix,5.5,dwd_mosmix,,,1010.7,dwd_mosmix,3,dwd_mosmix,1.0,dwd_mosmix,2025-09-22 07:00:00
2025,9,22,8,23.6,dwd_mosmix,94,dwd_mosmix,0.0,dwd_mosmix,178,dwd_mosmix,5.5,dwd_mosmix,,,1009.6,dwd_mosmix,3,dwd_mosmix,1.0,dwd_mosmix,2025-09-22 08:00:00
2025,9,22,9,23.1,dwd_mosmix,94,dwd_mosmix,0.0,dwd_mosmix,188,dwd_mosmix,7.4,dwd_mosmix,,,1009.6,dwd_mosmix,4,dwd_mosmix,1.0,dwd_mosmix,2025-09-22 09:00:00
2025,9,22,10,23.2,dwd_mosmix,91,dwd_mosmix,0.0,dwd_mosmix,245,dwd_mosmix,5.5,dwd_mosmix,,,1010.0,dwd_mosmix,3,dwd_mosmix,2.0,dwd_mosmix,2025-09-22 10:00:00
2025,9,22,11,22.5,dwd_mosmix,87,dwd_mosmix,0.0,dwd_mosmix,253,dwd_mosmix,7.4,dwd_mosmix,,,1010.8,dwd_mosmix,1,dwd_mosmix,1.0,dwd_mosmix,2025-09-22 11:00:00
2025,9,22,12,25.0,metar,84,metar,0.0,dwd_mosmix,320,metar,4.0,metar,,,1013.0,metar,6,metar,5.0,metar,2025-09-22 12:00:00
2025,9,22,13,25.0,metar,89,metar,0.0,dwd_mosmix,0,metar,0.0,metar,,,1013.0,metar,6,metar,5.0,metar,2025-09-22 13:00:00
2025,9,22,14,26.0,metar,84,metar,0.0,dwd_mosmix,80,metar,7.0,metar,,,1014.0,metar,6,metar,2.0,dwd_mosmix,2025-09-22 14:00:00
2025,9,22,15,26.0,metar,84,metar,0.0,dwd_mosmix,100,metar,7.0,metar,,,1014.0,metar,6,metar,2.0,dwd_mosmix,2025-09-22 15:00:00
2025,9,22,16,28.0,metar,70,metar,0.0,dwd_mosmix,0,metar,0.0,metar,,,1014.0,metar,6,metar,2.0,dwd_mosmix,2025-09-22 16:00:00
2025,9,22,17,30.0,metar,66,metar,0.0,dwd_mosmix,120,metar,9.0,metar,,,1014.0,metar,4,metar,1.0,dwd_mosmix,2025-09-22 17:00:00
2025,9,22,18,31.0,metar,63,metar,0.0,dwd_mosmix,130,metar,17.0,metar,,,1013.0,metar,4,metar,1.0,dwd_mosmix,2025-09-22 18:00:00
2025,9,22,19,32.0,metar,59,metar,0.0,dwd_mosmix,130,metar,11.0,metar,,,1012.0,metar,4,metar,2.0,dwd_mosmix,2025-09-22 19:00:00
2025,9,22,20,32.0,metar,59,metar,0.0,dwd_mosmix,130,metar,13.0,metar,,,1011.0,metar,4,metar,2.0,dwd_mosmix,2025-09-22 20:00:00
2025,9,22,21,32.0,metar,56,metar,0.0,dwd_mosmix,100,metar,17.0,metar,,,1011.0,metar,2,metar,2.0,dwd_mosmix,2025-09-22 21:00:00
2025,9,22,22,32.0,metar,56,metar,0.0,dwd_mosmix,100,metar,17.0,metar,,,1010.0,metar,1,dwd_mosmix,2.0,dwd_mosmix,2025-09-22 22:00:00
2025,9,22,23,31.0,metar,55,metar,0.0,dwd_mosmix,120,metar,20.0,metar,,,1010.0,metar,0,dwd_mosmix,1.0,dwd_mosmix,2025-09-22 23:00:00
2025,9,23,0,30.0,metar,62,metar,0.0,dwd_mosmix,110,metar,13.0,metar,,,1011.0,metar,2,metar,1.0,dwd_mosmix,2025-09-23 00:00:00
2025,9,23,1,29.0,metar,66,metar,0.0,dwd_mosmix,110,metar,7.0,metar,,,1011.0,metar,2,metar,1.0,dwd_mosmix,2025-09-23 01:00:00
2025,9,23,2,28.0,metar,70,metar,0.0,dwd_mosmix,120,metar,6.0,metar,,,1012.0,metar,2,dwd_mosmix,1.0,dwd_mosmix,2025-09-23 02:00:00
2025,9,23,3,27.0,metar,74,metar,0.0,dwd_mosmix,100,metar,9.0,metar,,,1012.0,metar,2,dwd_mosmix,1.0,dwd_mosmix,2025-09-23 03:00:00
2025,9,23,4,26.0,metar,79,metar,0.0,dwd_mosmix,90,metar,7.0,metar,,,1012.0,metar,1,dwd_mosmix,1.0,dwd_mosmix,2025-09-23 04:00:00
2025,9,23,5,25.0,metar,89,metar,0.0,dwd_mosmix,90,metar,11.0,metar,,,1012.0,metar,0,dwd_mosmix,1.0,dwd_mosmix,2025-09-23 05:00:00
2025,9,23,6,25.2,dwd_mosmix,87,dwd_mosmix,0.0,dwd_mosmix,20,dwd_mosmix,5.5,dwd_mosmix,,,1011.0,dwd_mosmix,2,dwd_mosmix,1.0,dwd_mosmix,2025-09-23 06:00:00
2025,9,23,7,24.4,dwd_mosmix,88,dwd_mosmix,0.0,dwd_mosmix,173,dwd_mosmix,7.4,dwd_mosmix,,,1010.1,dwd_mosmix,2,dwd_mosmix,1.0,dwd_mosmix,2025-09-23 07:00:00
2025,9,23,8,24.1,dwd_mosmix,88,dwd_mosmix,0.0,dwd_mosmix,165,dwd_mosmix,7.4,dwd_mosmix,,,1009.0,dwd_mosmix,3,dwd_mosmix,1.0,dwd_mosmix,2025-09-23 08:00:00
2025,9,23,9,23.7,dwd_mosmix,88,dwd_mosmix,0.0,dwd_mosmix,171,dwd_mosmix,9.3,dwd_mosmix,,,1009.0,dwd_mosmix,4,dwd_mosmix,1.0,dwd_mosmix,2025-09-23 09:00:00
2025,9,23,10,23.6,dwd_mosmix,83,dwd_mosmix,0.0,dwd_mosmix,228,dwd_mosmix,5.5,dwd_mosmix,,,1010.0,dwd_mosmix,2,dwd_mosmix,2.0,dwd_mosmix,2025-09-23 10:00:00
2025,9,23,11,22.8,dwd_mosmix,83,dwd_mosmix,0.0,dwd_mosmix,234,dwd_mosmix,9.3,dwd_mosmix,,,1010.9,dwd_mosmix,1,dwd_mosmix,1.0,dwd_mosmix,2025-09-23 11:00:00
2025,9,23,12,24.0,metar,94,metar,0.0,dwd_mosmix,60,metar,11.0,metar,,,1013.0,metar,6,metar,5.0,metar,2025-09-23 12:00:00
2025,9,23,13,24.0,metar,94,metar,0.0,dwd_mosmix,90,metar,9.0,metar,,,1014.0,metar,6,metar,5.0,metar,2025-09-23 13:00:00
2025,9,23,14,25.0,metar,89,metar,0.0,dwd_mosmix,110,metar,9.0,metar,,,1015.0,metar,6,metar,5.0,metar,2025-09-23 14:00:00
2025,9,23,15,27.0,metar,79,metar,0.0,dwd_mosmix,70,metar,11.0,metar,,,1015.0,metar,6,metar,5.0,metar,2025-09-23 15:00:00
2025,9,23,16,27.0,metar,79,metar,0.0,dwd_mosmix,130,metar,6.0,metar,,,1015.0,metar,4,metar,2.0,dwd_mosmix,2025-09-23 16:00:00
2025,9,23,17,29.0,metar,70,metar,0.0,dwd_mosmix,0,metar,0.0,metar,,,1015.0,metar,6,metar,1.0,dwd_mosmix,2025-09-23 17:00:00
2025,9,23,18,30.0,metar,62,metar,0.0,dwd_mosmix,100,metar,13.0,metar,,,1014.0,metar,6,metar,2.0,dwd_mosmix,2025-09-23 18:00:00
2025,9,23,19,30.0,metar,62,metar,0.0,dwd_mosmix,110,metar,13.0,metar,,,1013.0,metar,6,metar,3.0,dwd_mosmix,2025-09-23 19:00:00
2025,9,23,20,32.0,metar,56,metar,0.0,dwd_mosmix,110,metar,13.0,metar,,,1013.0,metar,4,metar,2.0,dwd_mosmix,2025-09-23 20:00:00
2025,9,23,21,32.0,metar,56,metar,0.0,dwd_mosmix,100,metar,20.0,metar,,,1012.0,metar,2,metar,2.0,dwd_mosmix,2025-09-23 21:00:00
2025,9,23,22,32.0,metar,56,metar,0.0,dwd_mosmix,120,metar,17.0,metar,,,1012.0,metar,4,metar,2.0,dwd_mosmix,2025-09-23 22:00:00
2025,9,23,23,31.0,metar,59,metar,0.0,dwd_mosmix,100,metar,13.0,metar,,,1012.0,metar,2,metar,1.0,dwd_mosmix,2025-09-23 23:00:00
2025,9,24,0,30.0,metar,62,metar,0.0,dwd_mosmix,140,metar,7.0,metar,,,1013.0,metar,1,dwd_mosmix,1.0,dwd_mosmix,2025-09-24 00:00:00
2025,9,24,1,29.0,metar,66,metar,0.0,dwd_mosmix,120,metar,6.0,metar,,,1013.0,metar,1,dwd_mosmix,1.0,dwd_mosmix,2025-09-24 01:00:00
2025,9,24,2,29.0,metar,66,metar,0.0,dwd_mosmix,110,metar,7.0,metar,,,1014.0,metar,2,dwd_mosmix,1.0,dwd_mosmix,2025-09-24 02:00:00
2025,9,24,3,27.0,metar,79,metar,0.0,dwd_mosmix,90,metar,13.0,metar,,,1014.0,metar,2,dwd_mosmix,1.0,dwd_mosmix,2025-09-24 03:00:00
2025,9,24,4,26.0,metar,84,metar,0.0,dwd_mosmix,100,metar,9.0,metar,,,1015.0,metar,1,dwd_mosmix,2.0,dwd_mosmix,2025-09-24 04:00:00
2025,9,24,5,26.0,metar,84,metar,0.0,dwd_mosmix,90,metar,11.0,metar,,,1015.0,metar,0,dwd_mosmix,1.0,dwd_mosmix,2025-09-24 05:00:00
2025,9,24,6,24.5,dwd_mosmix,95,dwd_mosmix,0.0,dwd_mosmix,85,dwd_mosmix,5.5,dwd_mosmix,,,1014.1,dwd_mosmix,1,dwd_mosmix,1.0,dwd_mosmix,2025-09-24 06:00:00
2025,9,24,7,24.2,dwd_mosmix,94,dwd_mosmix,0.0,dwd_mosmix,168,dwd_mosmix,7.4,dwd_mosmix,,,1012.8,dwd_mosmix,2,dwd_mosmix,1.0,dwd_mosmix,2025-09-24 07:00:00
2025,9,24,8,24.1,dwd_mosmix,92,dwd_mosmix,0.0,dwd_mosmix,164,dwd_mosmix,9.3,dwd_mosmix,,,1011.7,dwd_mosmix,3,dwd_mosmix,1.0,dwd_mosmix,2025-09-24 08:00:00
2025,9,24,9,24.0,dwd_mosmix,90,dwd_mosmix,0.0,dwd_mosmix,170,dwd_mosmix,9.3,dwd_mosmix,,,1011.8,dwd_mosmix,4,dwd_mosmix,1.0,dwd_mosmix,2025-09-24 09:00:00
2025,9,24,10,24.3,dwd_mosmix,85,dwd_mosmix,0.0,dwd_mosmix,222,dwd_mosmix,7.4,dwd_mosmix,,,1012.7,dwd_mosmix,3,dwd_mosmix,2.0,dwd_mosmix,2025-09-24 10:00:00
2025,9,24,11,23.6,dwd_mosmix,84,dwd_mosmix,0.0,dwd_mosmix,245,dwd_mosmix,7.4,dwd_mosmix,,,1013.9,dwd_mosmix,2,dwd_mosmix,2.0,dwd_mosmix,2025-09-24 11:00:00
2025,9,24,12,24.0,metar,94,metar,0.0,dwd_mosmix,80,metar,7.0,metar,,,1016.0,metar,4,metar,1.0,dwd_mosmix,2025-09-24 12:00:00
2025,9,24,13,25.0,metar,89,metar,0.0,dwd_mosmix,100,metar,9.0,metar,,,1017.0,metar,6,metar,5.0,metar,2025-09-24 13:00:00
2025,9,24,14,25.0,metar,89,metar,0.0,dwd_mosmix,100,metar,11.0,metar,,,1017.0,metar,6,metar,5.0,metar,2025-09-24 14:00:00
2025,9,24,15,27.0,metar,79,metar,0.0,dwd_mosmix,100,metar,7.0,metar,,,1017.0,metar,6,metar,5.0,metar,2025-09-24 15:00:00
2025,9,24,16,28.0,metar,74,metar,0.0,dwd_mosmix,80,metar,9.0,metar,,,1017.0,metar,6,metar,5.0,metar,2025-09-24 16:00:00
2025,9,24,17,29.0,metar,70,metar,0.0,dwd_mosmix,100,metar,11.0,metar,,,1017.0,metar,4,metar,5.0,metar,2025-09-24 17:00:00
2025,9,24,18,30.0,metar,66,metar,0.0,dwd_mosmix,60,metar,9.0,metar,,,1017.0,metar,6,metar,2.0,dwd_mosmix,2025-09-24 18:00:00
2025,9,24,19,31.0,metar,63,metar,0.0,dwd_mosmix,80,metar,11.0,metar,,,1016.0,metar,6,metar,3.0,dwd_mosmix,2025-09-24 19:00:00
2025,9,24,20,31.0,metar,59,metar,0.0,dwd_mosmix,110,metar,19.0,metar,,,1016.0,metar,6,metar,3.0,dwd_mosmix,2025-09-24 20:00:00
2025,9,24,21,31.0,metar,59,metar,0.0,dwd_mosmix,100,metar,13.0,metar,,,1015.0,metar,4,metar,2.0,dwd_mosmix,2025-09-24 21:00:00
2025,9,24,22,32.0,metar,52,metar,0.0,dwd_mosmix,120,metar,15.0,metar,,,1016.0,metar,2,dwd_mosmix,2.0,dwd_mosmix,2025-09-24 22:00:00
2025,9,24,23,31.0,metar,55,metar,0.0,dwd_mosmix,110,metar,15.0,metar,,,1016.0,metar,0,dwd_mosmix,1.0,dwd_mosmix,2025-09-24 23:00:00
2025,9,25,0,30.0,metar,62,metar,0.0,dwd_mosmix,70,metar,6.0,metar,,,1016.0,metar,4,metar,1.0,dwd_mosmix,2025-09-25 00:00:00
2025,9,25,1,30.0,metar,62,metar,0.0,dwd_mosmix,0,metar,0.0,metar,,,1017.0,metar,4,metar,1.0,dwd_mosmix,2025-09-25 01:00:00
2025,9,25,2,30.0,metar,62,metar,0.0,dwd_mosmix,90,metar,7.0,metar,,,1017.0,metar,4,metar,1.0,dwd_mosmix,2025-09-25 02:00:00
2025,9,25,3,27.0,metar,74,metar,0.0,dwd_mosmix,120,metar,13.0,metar,,,1018.0,metar,2,metar,2.0,dwd_mosmix,2025-09-25 03:00:00
2025,9,25,4,26.0,metar,79,metar,0.3,dwd_mosmix,90,metar,11.0,metar,,,1018.0,metar,2,dwd_mosmix,2.0,dwd_mosmix,2025-09-25 04:00:00
2025,9,25,5,25.0,metar,84,metar,0.0,dwd_mosmix,80,metar,9.0,metar,,,1018.0,metar,0,dwd_mosmix,1.0,dwd_mosmix,2025-09-25 05:00:00
2025,9,25,6,24.6,dwd_mosmix,93,dwd_mosmix,0.0,dwd_mosmix,335,dwd_mosmix,7.4,dwd_mosmix,,,1017.0,dwd_mosmix,2,dwd_mosmix,1.0,dwd_mosmix,2025-09-25 06:00:00
2025,9,25,7,24.3,dwd_mosmix,94,dwd_mosmix,1.0,dwd_mosmix,306,dwd_mosmix,5.5,dwd_mosmix,,,1015.7,dwd_mosmix,3,dwd_mosmix,1.0,dwd_mosmix,2025-09-25 07:00:00
2025,9,25,8,23.8,dwd_mosmix,95,dwd_mosmix,0.0,dwd_mosmix,275,dwd_mosmix,5.5,dwd_mosmix,,,1014.5,dwd_mosmix,3,dwd_mosmix,1.0,dwd_mosmix,2025-09-25 08:00:00
2025,9,25,9,23.6,dwd_mosmix,94,dwd_mosmix,0.2,dwd_mosmix,306,dwd_mosmix,7.4,dwd_mosmix,,,1014.5,dwd_mosmix,4,dwd_mosmix,2.0,dwd_mosmix,2025-09-25 09:00:00
2025,9,25,10,24.1,dwd_mosmix,88,dwd_mosmix,1.3,dwd_mosmix,312,dwd_mosmix,9.3,dwd_mosmix,,,1015.5,dwd_mosmix,5,dwd_mosmix,7.0,dwd_mosmix,2025-09-25 10:00:00
2025,9,25,11,23.4,dwd_mosmix,85,dwd_mosmix,0.0,dwd_mosmix,292,dwd_mosmix,9.3,dwd_mosmix,,,1017.1,dwd_mosmix,4,dwd_mosmix,2.0,dwd_mosmix,2025-09-25 11:00:00
2025,9,25,12,24.0,metar,83,metar,0.0,dwd_mosmix,350,metar,15.0,metar,,,1019.0,metar,6,metar,4.0,dwd_mosmix,2025-09-25 12:00:00
2025,9,25,13,25.0,metar,74,metar,0.0,dwd_mosmix,340,metar,17.0,metar,,,1019.0,metar,4,metar,4.0,dwd_mosmix,2025-09-25 13:00:00
2025,9,25,14,26.0,metar,70,metar,0.0,dwd_mosmix,350,metar,20.0,metar,,,1020.0,metar,4,metar,4.0,dwd_mosmix,2025-09-25 14:00:00
2025,9,25,15,28.0,metar,66,metar,0.0,dwd_mosmix,360,metar,22.0,metar,,,1020.0,metar,4,metar,4.0,dwd_mosmix,2025-09-25 15:00:00
2025,9,25,16,29.0,metar,62,metar,0.0,dwd_mosmix,330,metar,20.0,metar,,,1020.0,metar,2,metar,4.0,dwd_mosmix,2025-09-25 16:00:00
2025,9,25,17,30.0,metar,62,metar,0.0,dwd_mosmix,360,metar,24.0,metar,,,1020.0,metar,4,metar,4.0,dwd_mosmix,2025-09-25 17:00:00
2025,9,25,18,30.0,metar,59,metar,0.0,dwd_mosmix,340,metar,19.0,metar,,,1019.0,metar,2,metar,7.0,dwd_mosmix,2025-09-25 18:00:00
2025,9,25,19,32.0,metar,52,metar,0.2,dwd_mosmix,350,metar,20.0,metar,,,1017.0,metar,4,metar,7.0,dwd_mosmix,2025-09-25 19:00:00
2025,9,25,20,31.0,metar,59,metar,0.4,dwd_mosmix,360,metar,20.0,metar,,,1017.0,metar,4,metar,7.0,dwd_mosmix,2025-09-25 20:00:00
2025,9,25,21,29.0,metar,62,metar,0.0,dwd_mosmix,10,metar,24.0,metar,,,1016.0,metar,2,metar,7.0,dwd_mosmix,2025-09-25 21:00:00
2025,9,25,22,29.0,metar,62,metar,0.3,dwd_mosmix,20,metar,22.0,metar,,,1017.0,metar,6,metar,7.0,dwd_mosmix,2025-09-25 22:00:00
2025,9,25,23,28.0,metar,66,metar,0.0,dwd_mosmix,30,metar,11.0,metar,,,1017.0,metar,2,metar,7.0,dwd_mosmix,2025-09-25 23:00:00
2025,9,26,0,26.0,metar,74,metar,0.0,dwd_mosmix,240,metar,7.0,metar,,,1017.0,metar,2,metar,7.0,dwd_mosmix,2025-09-26 00:00:00
2025,9,26,1,25.0,metar,79,metar,0.0,dwd_mosmix,200,metar,9.0,metar,,,1017.0,metar,4,metar,7.0,dwd_mosmix,2025-09-26 01:00:00
2025,9,26,2,25.0,metar,79,metar,0.0,dwd_mosmix,200,metar,6.0,metar,,,1018.0,metar,6,metar,7.0,dwd_mosmix,2025-09-26 02:00:00
2025,9,26,3,25.0,metar,79,metar,0.1,dwd_mosmix,90,metar,4.0,metar,,,1019.0,metar,4,metar,7.0,dwd_mosmix,2025-09-26 03:00:00
2025,9,26,4,25.0,metar,79,metar,0.0,dwd_mosmix,220,metar,4.0,metar,,,1018.0,metar,6,metar,2.0,dwd_mosmix,2025-09-26 04:00:00
2025,9,26,5,25.0,metar,79,metar,0.0,dwd_mosmix,50,metar,4.0,metar,,,1017.0,metar,2,metar,1.0,dwd_mosmix,2025-09-26 05:00:00
2025,9,26,6,22.1,dwd_mosmix,100,dwd_mosmix,0.0,dwd_mosmix,296,dwd_mosmix,5.5,dwd_mosmix,,,1016.5,dwd_mosmix,2,dwd_mosmix,1.0,dwd_mosmix,2025-09-26 06:00:00
2025,9,26,7,22.1,dwd_mosmix,100,dwd_mosmix,0.0,dwd_mosmix,278,dwd_mosmix,5.5,dwd_mosmix,,,1015.0,dwd_mosmix,3,dwd_mosmix,1.0,dwd_mosmix,2025-09-26 07:00:00
2025,9,26,8,21.8,dwd_mosmix,100,dwd_mosmix,0.0,dwd_mosmix,249,dwd_mosmix,5.5,dwd_mosmix,,,1013.6,dwd_mosmix,3,dwd_mosmix,1.0,dwd_mosmix,2025-09-26 08:00:00
2025,9,26,9,21.5,dwd_mosmix,100,dwd_mosmix,0.0,dwd_mosmix,253,dwd_mosmix,5.5,dwd_mosmix,,,1013.5,dwd_mosmix,4,dwd_mosmix,1.0,dwd_mosmix,2025-09-26 09:00:00
2025,9,26,10,21.6,dwd_mosmix,94,dwd_mosmix,0.0,dwd_mosmix,260,dwd_mosmix,5.5,dwd_mosmix,,,1013.7,dwd_mosmix,4,dwd_mosmix,2.0,dwd_mosmix,2025-09-26 10:00:00
2025,9,26,11,22.0,metar,88,metar,0.0,dwd_mosmix,320,metar,4.0,metar,,,1016.0,metar,2,dwd_mosmix,1.0,dwd_mosmix,2025-09-26 11:00:00
2025,9,26,12,21.0,metar,94,metar,0.0,dwd_mosmix,250,metar,7.0,metar,,,1016.0,metar,2,metar,1.0,dwd_mosmix,2025-09-26 12:00:00
2025,9,26,13,23.0,metar,89,metar,0.0,dwd_mosmix,290,metar,6.0,metar,,,1017.0,metar,4,metar,1.0,dwd_mosmix,2025-09-26 13:00:00
2025,9,26,14,27.0,metar,70,metar,0.0,dwd_mosmix,0,metar,0.0,metar,,,1017.0,metar,4,dwd_mosmix,2.0,dwd_mosmix,2025-09-26 14:00:00
2025,9,26,15,29.0,metar,58,metar,0.0,dwd_mosmix,0,metar,0.0,metar,,,1017.0,metar,3,dwd_mosmix,2.0,dwd_mosmix,2025-09-26 15:00:00
2025,9,26,16,31.0,metar,49,metar,0.0,dwd_mosmix,10,metar,4.0,metar,,,1017.0,metar,2,dwd_mosmix,2.0,dwd_mosmix,2025-09-26 16:00:00
2025,9,26,17,32.0,metar,41,metar,0.0,dwd_mosmix,90,metar,6.0,metar,,,1016.0,metar,1,dwd_mosmix,1.0,dwd_mosmix,2025-09-26 17:00:00
2025,9,26,18,33.0,metar,39,metar,0.0,dwd_mosmix,50,metar,15.0,metar,,,1015.0,metar,2,metar,1.0,dwd_mosmix,2025-09-26 18:00:00
2025,9,26,19,33.0,metar,39,metar,0.0,dwd_mosmix,80,metar,13.0,metar,,,1014.0,metar,4,metar,2.0,dwd_mosmix,2025-09-26 19:00:00
2025,9,26,20,34.0,metar,39,metar,0.0,dwd_mosmix,120,metar,11.0,metar,,,1013.0,metar,4,metar,2.0,dwd_mosmix,2025-09-26 20:00:00
2025,9,26,21,33.0,metar,39,metar,0.0,dwd_mosmix,110,metar,13.0,metar,,,1012.0,metar,4,metar,2.0,dwd_mosmix,2025-09-26 21:00:00
2025,9,26,22,33.0,metar,39,metar,0.0,dwd_mosmix,130,metar,17.0,metar,,,1012.0,metar,2,metar,2.0,dwd_mosmix,2025-09-26 22:00:00
2025,9,26,23,32.0,metar,41,metar,0.0,dwd_mosmix,110,metar,13.0,metar,,,1012.0,metar,2,metar,1.0,dwd_mosmix,2025-09-26 23:00:00
2025,9,27,0,30.0,metar,46,metar,0.0,dwd_mosmix,160,metar,7.0,metar,,,1012.0,metar,2,metar,1.0,dwd_mosmix,2025-09-27 00:00:00
2025,9,27,1,28.0,metar,55,metar,0.0,dwd_mosmix,160,metar,7.0,metar,,,1013.0,metar,2,dwd_mosmix,1.0,dwd_mosmix,2025-09-27 01:00:00
2025,9,27,2,29.0,metar,52,metar,0.0,dwd_mosmix,160,metar,6.0,metar,,,1013.0,metar,2,dwd_mosmix,1.0,dwd_mosmix,2025-09-27 02:00:00
2025,9,27,3,27.0,metar,58,metar,0.0,dwd_mosmix,0,metar,0.0,metar,,,1014.0,metar,3,dwd_mosmix,2.0,dwd_mosmix,2025-09-27 03:00:00
2025,9,27,4,25.0,metar,65,metar,0.0,dwd_mosmix,90,metar,6.0,metar,,,1013.0,metar,2,metar,2.0,dwd_mosmix,2025-09-27 04:00:00
2025,9,27,5,25.0,metar,74,metar,0.0,dwd_mosmix,90,metar,11.0,metar,,,1014.0,metar,1,dwd_mosmix,1.0,dwd_mosmix,2025-09-27 05:00:00
2025,9,27,6,22.1,dwd_mosmix,94,dwd_mosmix,0.0,dwd_mosmix,337,dwd_mosmix,5.5,dwd_mosmix,,,1013.1,dwd_mosmix,2,dwd_mosmix,1.0,dwd_mosmix,2025-09-27 06:00:00
2025,9,27,7,22.2,dwd_mosmix,93,dwd_mosmix,0.0,dwd_mosmix,179,dwd_mosmix,5.5,dwd_mosmix,,,1012.1,dwd_mosmix,3,dwd_mosmix,1.0,dwd_mosmix,2025-09-27 07:00:00
2025,9,27,8,21.9,dwd_mosmix,93,dwd_mosmix,0.0,dwd_mosmix,157,dwd_mosmix,5.5,dwd_mosmix,,,1011.2,dwd_mosmix,3,dwd_mosmix,1.0,dwd_mosmix,2025-09-27 08:00:00
2025,9,27,9,21.8,dwd_mosmix,92,dwd_mosmix,0.0,dwd_mosmix,171,dwd_mosmix,5.5,dwd_mosmix,,,1011.3,dwd_mosmix,4,dwd_mosmix,1.0,dwd_mosmix,2025-09-27 09:00:00
2025,9,27,10,22.7,dwd_mosmix,85,dwd_mosmix,0.0,dwd_mosmix,220,dwd_mosmix,5.5,dwd_mosmix,,,1012.1,dwd_mosmix,4,dwd_mosmix,2.0,dwd_mosmix,2025-09-27 10:00:00
2025,9,27,11,22.1,dwd_mosmix,84,dwd_mosmix,0.0,dwd_mosmix,246,dwd_mosmix,7.4,dwd_mosmix,,,1012.8,dwd_mosmix,3,dwd_mosmix,2.0,dwd_mosmix,2025-09-27 11:00:00
2025,9,27,12,24.0,metar,89,metar,0.0,dwd_mosmix,150,metar,7.0,metar,,,1015.0,metar,8,metar,1.0,dwd_mosmix,2025-09-27 12:00:00
2025,9,27,13,24.0,metar,89,metar,0.0,dwd_mosmix,110,metar,6.0,metar,,,1016.0,metar,6,metar,3.0,dwd_mosmix,2025-09-27 13:00:00
2025,9,27,14,25.0,metar,84,metar,0.0,dwd_mosmix,90,metar,7.0,metar,,,1017.0,metar,6,metar,3.0,dwd_mosmix,2025-09-27 14:00:00
2025,9,27,15,26.0,metar,79,metar,0.0,dwd_mosmix,80,metar,6.0,metar,,,1017.0,metar,8,metar,3.0,dwd_mosmix,2025-09-27 15:00:00
2025,9,27,16,27.0,metar,74,metar,0.0,dwd_mosmix,100,metar,7.0,metar,,,1017.0,metar,8,metar,2.0,dwd_mosmix,2025-09-27 16:00:00
2025,9,27,17,29.0,metar,62,metar,0.0,dwd_mosmix,160,metar,6.0,metar,,,1016.0,metar,6,metar,1.0,dwd_mosmix,2025-09-27 17:00:00
2025,9,27,18,30.0,metar,59,metar,0.1,dwd_mosmix,80,metar,7.0,metar,,,1016.0,metar,6,metar,1.0,dwd_mosmix,2025-09-27 18:00:00
2025,9,27,19,31.0,metar,55,metar,0.2,dwd_mosmix,110,metar,15.0,metar,,,1015.0,metar,6,metar,2.0,dwd_mosmix,2025-09-27 19:00:00
2025,9,27,20,32.0,metar,49,metar,0.0,dwd_mosmix,140,metar,15.0,metar,,,1014.0,metar,4,metar,2.0,dwd_mosmix,2025-09-27 20:00:00
2025,9,27,21,31.0,metar,52,metar,0.0,dwd_mosmix,110,metar,15.0,metar,,,1014.0,metar,2,metar,2.0,dwd_mosmix,2025-09-27 21:00:00
2025,9,27,22,31.0,metar,52,metar,0.0,dwd_mosmix,90,metar,13.0,metar,,,1013.0,metar,2,metar,2.0,dwd_mosmix,2025-09-27 22:00:00
2025,9,27,23,31.0,metar,46,metar,0.0,dwd_mosmix,110,metar,15.0,metar,,,1014.0,metar,2,metar,1.0,dwd_mosmix,2025-09-27 23:00:00
2025,9,28,0,29.0,metar,55,metar,0.0,dwd_mosmix,110,metar,7.0,metar,,,1014.0,metar,2,metar,1.0,dwd_mosmix,2025-09-28 00:00:00
2025,9,28,1,28.0,metar,58,metar,0.0,dwd_mosmix,140,metar,7.0,metar,,,1015.0,metar,2,dwd_mosmix,1.0,dwd_mosmix,2025-09-28 01:00:00
2025,9,28,2,27.0,metar,66,metar,0.0,dwd_mosmix,100,metar,17.0,metar,,,1016.0,metar,2,metar,1.0,dwd_mosmix,2025-09-28 02:00:00
2025,9,28,3,26.0,metar,70,metar,0.0,dwd_mosmix,120,metar,20.0,metar,,,1017.0,metar,4,metar,2.0,dwd_mosmix,2025-09-28 03:00:00
2025,9,28,4,24.0,metar,78,metar,0.0,dwd_mosmix,130,metar,22.0,metar,,,1017.0,metar,2,metar,1.0,dwd_mosmix,2025-09-28 04:00:00
2025,9,28,5,24.0,metar,69,metar,0.0,dwd_mosmix,110,metar,19.0,metar,,,1017.0,metar,2,metar,1.0,dwd_mosmix,2025-09-28 05:00:00
2025,9,28,6,22.2,dwd_mosmix,89,dwd_mosmix,0.0,dwd_mosmix,114,dwd_mosmix,5.5,dwd_mosmix,,,1015.7,dwd_mosmix,3,dwd_mosmix,1.0,dwd_mosmix,2025-09-28 06:00:00
2025,9,28,7,21.7,dwd_mosmix,87,dwd_mosmix,0.0,dwd_mosmix,122,dwd_mosmix,3.7,dwd_mosmix,,,1014.7,dwd_mosmix,3,dwd_mosmix,1.0,dwd_mosmix,2025-09-28 07:00:00
2025,9,28,8,21.3,dwd_mosmix,89,dwd_mosmix,0.0,dwd_mosmix,112,dwd_mosmix,5.5,dwd_mosmix,,,1013.8,dwd_mosmix,4,dwd_mosmix,1.0,dwd_mosmix,2025-09-28 08:00:00
2025,9,28,9,20.7,dwd_mosmix,91,dwd_mosmix,0.0,dwd_mosmix,109,dwd_mosmix,5.5,dwd_mosmix,,,1014.0,dwd_mosmix,4,dwd_mosmix,2.0,dwd_mosmix,2025-09-28 09:00:00
2025,9,28,10,21.9,dwd_mosmix,78,dwd_mosmix,0.0,dwd_mosmix,124,dwd_mosmix,5.5,dwd_mosmix,,,1015.2,dwd_mosmix,4,dwd_mosmix,4.0,dwd_mosmix,2025-09-28 10:00:00
2025,9,28,11,20.9,dwd_mosmix,82,dwd_mosmix,0.0,dwd_mosmix,268,dwd_mosmix,3.7,dwd_mosmix,,,1016.1,dwd_mosmix,2,dwd_mosmix,2.0,dwd_mosmix,2025-09-28 11:00:00
2025,9,28,12,22.0,metar,73,metar,0.0,dwd_mosmix,40,metar,7.0,metar,,,1018.0,metar,4,metar,1.0,dwd_mosmix,2025-09-28 12:00:00
2025,9,28,13,23.0,metar,65,metar,0.0,dwd_mosmix,0,metar,0.0,metar,,,1019.0,metar,4,metar,1.0,dwd_mosmix,2025-09-28 13:00:00
2025,9,28,14,26.0,metar,61,metar,0.0,dwd_mosmix,0,metar,0.0,metar,,,1020.0,metar,2,metar,2.0,dwd_mosmix,2025-09-28 14:00:00
2025,9,28,15,28.0,metar,51,metar,0.0,dwd_mosmix,110,metar,4.0,metar,,,1020.0,metar,4,dwd_mosmix,2.0,dwd_mosmix,2025-09-28 15:00:00
2025,9,28,16,29.0,metar,45,metar,0.0,dwd_mosmix,110,metar,11.0,metar,,,1020.0,metar,2,metar,2.0,dwd_mosmix,2025-09-28 16:00:00
2025,9,28,17,30.0,metar,40,metar,0.0,dwd_mosmix,100,metar,11.0,metar,,,1019.0,metar,2,metar,1.0,dwd_mosmix,2025-09-28 17:00:00
2025,9,28,18,31.0,metar,36,metar,0.0,dwd_mosmix,80,metar,13.0,metar,,,1019.0,metar,2,metar,1.0,dwd_mosmix,2025-09-28 18:00:00
2025,9,28,19,32.0,metar,36,metar,0.0,dwd_mosmix,90,metar,15.0,metar,,,1018.0,metar,4,metar,1.0,dwd_mosmix,2025-09-28 19:00:00
2025,9,28,20,30.0,metar,35,metar,0.0,dwd_mosmix,90,metar,4.0,metar,15.0,metar,1017.0,metar,4,metar,2.0,dwd_mosmix,2025-09-28 20:00:00
2025,9,28,21,31.0,metar,36,metar,0.0,dwd_mosmix,40,metar,9.0,metar,,,1017.0,metar,4,metar,2.0,dwd_mosmix,2025-09-28 21:00:00
2025,9,28,22,30.0,metar,35,metar,0.0,dwd_mosmix,100,metar,15.0,metar,,,1016.0,metar,4,metar,2.0,dwd_mosmix,2025-09-28 22:00:00
2025,9,28,23,30.0,metar,38,metar,0.0,dwd_mosmix,150,metar,11.0,metar,,,1016.0,metar,2,metar,1.0,dwd_mosmix,2025-09-28 23:00:00
2025,9,29,0,28.0,metar,42,metar,0.0,dwd_mosmix,120,metar,9.0,metar,,,1016.0,metar,4,metar,1.0,dwd_mosmix,2025-09-29 00:00:00
2025,9,29,1,26.0,metar,51,metar,0.0,dwd_mosmix,140,metar,9.0,metar,,,1017.0,metar,2,metar,1.0,dwd_mosmix,2025-09-29 01:00:00
2025,9,29,2,25.0,metar,57,metar,0.0,dwd_mosmix,100,metar,11.0,metar,,,1018.0,metar,2,dwd_mosmix,1.0,dwd_mosmix,2025-09-29 02:00:00
2025,9,29,3,24.0,metar,54,metar,0.0,dwd_mosmix,90,metar,13.0,metar,,,1019.0,metar,2,dwd_mosmix,1.0,dwd_mosmix,2025-09-29 03:00:00
2025,9,29,4,23.0,metar,57,metar,0.0,dwd_mosmix,70,metar,9.0,metar,,,1019.0,metar,2,metar,2.0,dwd_mosmix,2025-09-29 04:00:00
2025,9,29,5,23.0,metar,57,metar,0.0,dwd_mosmix,100,metar,7.0,metar,,,1019.0,metar,2,metar,1.0,dwd_mosmix,2025-09-29 05:00:00
2025,9,29,6,18.9,dwd_mosmix,92,dwd_mosmix,0.0,dwd_mosmix,346,dwd_mosmix,3.7,dwd_mosmix,,,1017.7,dwd_mosmix,1,dwd_mosmix,1.0,dwd_mosmix,2025-09-29 06:00:00
2025,9,29,7,19.0,dwd_mosmix,90,dwd_mosmix,0.0,dwd_mosmix,315,dwd_mosmix,1.8,dwd_mosmix,,,1016.4,dwd_mosmix,2,dwd_mosmix,1.0,dwd_mosmix,2025-09-29 07:00:00
2025,9,29,8,18.6,dwd_mosmix,91,dwd_mosmix,0.0,dwd_mosmix,257,dwd_mosmix,3.7,dwd_mosmix,,,1015.2,dwd_mosmix,2,dwd_mosmix,1.0,dwd_mosmix,2025-09-29 08:00:00
2025,9,29,9,18.1,dwd_mosmix,92,dwd_mosmix,0.0,dwd_mosmix,288,dwd_mosmix,3.7,dwd_mosmix,,,1015.2,dwd_mosmix,2,dwd_mosmix,1.0,dwd_mosmix,2025-09-29 09:00:00
2025,9,29,10,18.1,dwd_mosmix,82,dwd_mosmix,0.0,dwd_mosmix,289,dwd_mosmix,5.5,dwd_mosmix,,,1016.1,dwd_mosmix,1,dwd_mosmix,2.0,dwd_mosmix,2025-09-29 10:00:00
2025,9,29,11,17.8,dwd_mosmix,85,dwd_mosmix,0.0,dwd_mosmix,268,dwd_mosmix,5.5,dwd_mosmix,,,1016.8,dwd_mosmix,1,dwd_mosmix,1.0,dwd_mosmix,2025-09-29 11:00:00
2025,9,29,12,19.0,metar,83,metar,0.0,dwd_mosmix,290,metar,4.0,metar,,,1019.0,metar,2,metar,1.0,dwd_mosmix,2025-09-29 12:00:00
2025,9,29,13,22.0,metar,78,metar,0.0,dwd_mosmix,350,metar,7.0,metar,,,1020.0,metar,3,dwd_mosmix,1.0,dwd_mosmix,2025-09-29 13:00:00
2025,9,29,14,24.0,metar,69,metar,0.0,dwd_mosmix,20,metar,6.0,metar,,,1020.0,metar,3,dwd_mosmix,2.0,dwd_mosmix,2025-09-29 14:00:00
2025,9,29,15,26.0,metar,61,metar,0.0,dwd_mosmix,10,metar,4.0,metar,,,1020.0,metar,3,dwd_mosmix,2.0,dwd_mosmix,2025-09-29 15:00:00
2025,9,29,16,28.0,metar,45,metar,0.0,dwd_mosmix,360,metar,6.0,metar,,,1020.0,metar,2,metar,2.0,dwd_mosmix,2025-09-29 16:00:00
2025,9,29,17,29.0,metar,35,metar,0.0,dwd_mosmix,50,metar,9.0,metar,,,1020.0,metar,2,metar,1.0,dwd_mosmix,2025-09-29 17:00:00
2025,9,29,18,30.0,metar,38,metar,0.0,dwd_mosmix,60,metar,11.0,metar,,,1019.0,metar,2,metar,1.0,dwd_mosmix,2025-09-29 18:00:00
2025,9,29,19,30.0,metar,35,metar,0.0,dwd_mosmix,350,metar,7.0,metar,,,1018.0,metar,4,metar,2.0,dwd_mosmix,2025-09-29 19:00:00
2025,9,29,20,31.0,metar,33,metar,0.0,dwd_mosmix,190,metar,4.0,metar,,,1017.0,metar,4,metar,2.0,dwd_mosmix,2025-09-29 20:00:00
2025,9,29,21,32.0,metar,34,metar,0.0,dwd_mosmix,90,metar,7.0,metar,,,1017.0,metar,4,metar,2.0,dwd_mosmix,2025-09-29 21:00:00
2025,9,29,22,30.0,metar,38,metar,0.0,dwd_mosmix,90,metar,15.0,metar,,,1017.0,metar,4,metar,2.0,dwd_mosmix,2025-09-29 22:00:00
2025,9,29,23,29.0,metar,43,metar,0.0,dwd_mosmix,130,metar,11.0,metar,,,1017.0,metar,4,metar,1.0,dwd_mosmix,2025-09-29 23:00:00
2025,9,30,0,27.0,metar,48,metar,0.0,dwd_mosmix,140,metar,9.0,metar,,,1018.0,metar,4,metar,1.0,dwd_mosmix,2025-09-30 00:00:00
2025,9,30,1,26.0,metar,51,metar,0.0,dwd_mosmix,150,metar,7.0,metar,,,1018.0,metar,4,metar,1.0,dwd_mosmix,2025-09-30 01:00:00
2025,9,30,2,26.0,metar,48,metar,0.0,dwd_mosmix,110,metar,9.0,metar,,,1019.0,metar,2,metar,1.0,dwd_mosmix,2025-09-30 02:00:00
2025,9,30,3,25.0,metar,54,metar,0.0,dwd_mosmix,80,metar,6.0,metar,,,1019.0,metar,2,metar,1.0,dwd_mosmix,2025-09-30 03:00:00
2025,9,30,4,25.0,metar,54,metar,0.0,dwd_mosmix,340,metar,7.0,metar,,,1019.0,metar,2,dwd_mosmix,1.0,dwd_mosmix,2025-09-30 04:00:00
2025,9,30,5,25.0,metar,47,metar,0.0,dwd_mosmix,350,metar,4.0,metar,,,1019.0,metar,1,dwd_mosmix,1.0,dwd_mosmix,2025-09-30 05:00:00
2025,9,30,6,22.0,dwd_mosmix,71,dwd_mosmix,0.0,dwd_mosmix,323,dwd_mosmix,5.5,dwd_mosmix,,,1017.9,dwd_mosmix,2,dwd_mosmix,1.0,dwd_mosmix,2025-09-30 06:00:00
2025,9,30,7,21.2,dwd_mosmix,79,dwd_mosmix,0.0,dwd_mosmix,312,dwd_mosmix,5.5,dwd_mosmix,,,1016.7,dwd_mosmix,3,dwd_mosmix,1.0,dwd_mosmix,2025-09-30 07:00:00
2025,9,30,8,20.8,dwd_mosmix,84,dwd_mosmix,0.0,dwd_mosmix,190,dwd_mosmix,5.5,dwd_mosmix,,,1015.5,dwd_mosmix,4,dwd_mosmix,1.0,dwd_mosmix,2025-09-30 08:00:00
2025,9,30,9,20.4,dwd_mosmix,85,dwd_mosmix,0.0,dwd_mosmix,188,dwd_mosmix,5.5,dwd_mosmix,,,1015.4,dwd_mosmix,4,dwd_mosmix,1.0,dwd_mosmix,2025-09-30 09:00:00
2025,9,30,10,19.1,dwd_mosmix,84,dwd_mosmix,0.0,dwd_mosmix,271,dwd_mosmix,5.5,dwd_mosmix,,,1016.4,dwd_mosmix,4,dwd_mosmix,1.0,dwd_mosmix,2025-09-30 10:00:00
2025,9,30,11,20.0,metar,88,metar,0.0,dwd_mosmix,10,metar,4.0,metar,,,1019.0,metar,2,metar,1.0,dwd_mosmix,2025-09-30 11:00:00
2025,9,30,12,20.0,metar,83,metar,0.0,dwd_mosmix,0,metar,0.0,metar,,,1020.0,metar,2,metar,1.0,dwd_mosmix,2025-09-30 12:00:00
2025,9,30,13,22.0,metar,78,metar,0.0,dwd_mosmix,330,metar,4.0,metar,,,1020.0,metar,4,dwd_mosmix,1.0,dwd_mosmix,2025-09-30 13:00:00
2025,9,30,14,25.0,metar,69,metar,0.0,dwd_mosmix,300,metar,4.0,metar,,,1020.0,metar,4,dwd_mosmix,2.0,dwd_mosmix,2025-09-30 14:00:00
2025,9,30,15,26.0,metar,61,metar,0.0,dwd_mosmix,0,metar,0.0,metar,,,1021.0,metar,4,dwd_mosmix,2.0,dwd_mosmix,2025-09-30 15:00:00
2025,9,30,16,29.0,metar,52,metar,0.0,dwd_mosmix,0,metar,0.0,metar,,,1020.0,metar,3,dwd_mosmix,2.0,dwd_mosmix,2025-09-30 16:00:00
2025,9,30,17,28.0,metar,48,metar,0.0,dwd_mosmix,30,metar,7.0,metar,,,1020.0,metar,4,metar,1.0,dwd_mosmix,2025-09-30 17:00:00
2025,9,30,18,30.0,metar,40,metar,0.0,dwd_mosmix,60,metar,6.0,metar,,,1019.0,metar,4,metar,1.0,dwd_mosmix,2025-09-30 18:00:00
2025,9,30,19,31.0,metar,36,metar,0.0,dwd_mosmix,0,metar,0.0,metar,,,1018.0,metar,4,metar,3.0,dwd_mosmix,2025-09-30 19:00:00
2025,9,30,20,32.0,metar,38,metar,0.0,dwd_mosmix,290,metar,9.0,metar,,,1017.0,metar,4,metar,3.0,dwd_mosmix,2025-09-30 20:00:00
2025,9,30,21,32.0,metar,34,metar,0.0,dwd_mosmix,350,metar,11.0,metar,,,1016.0,metar,4,metar,2.0,dwd_mosmix,2025-09-30 21:00:00
2025,9,30,22,32.0,metar,36,metar,0.0,dwd_mosmix,140,metar,13.0,metar,,,1016.0,metar,2,metar,2.0,dwd_mosmix,2025-09-30 22:00:00
2025,9,30,23,31.0,metar,38,metar,0.0,dwd_mosmix,140,metar,13.0,metar,,,1016.0,metar,2,metar,1.0,dwd_mosmix,2025-09-30 23:00:00
2025,10,1,0,28.0,metar,48,metar,0.0,dwd_mosmix,150,metar,11.0,metar,,,1017.0,metar,2,metar,1.0,dwd_mosmix,2025-10-01 00:00:00
2025,10,1,1,27.0,metar,51,metar,0.0,dwd_mosmix,160,metar,7.0,metar,,,1017.0,metar,2,dwd_mosmix,1.0,dwd_mosmix,2025-10-01 01:00:00
2025,10,1,2,26.0,metar,51,metar,0.0,dwd_mosmix,140,metar,7.0,metar,,,1018.0,metar,2,dwd_mosmix,1.0,dwd_mosmix,2025-10-01 02:00:00
2025,10,1,3,26.0,metar,51,metar,0.0,dwd_mosmix,90,metar,4.0,metar,,,1018.0,metar,2,dwd_mosmix,1.0,dwd_mosmix,2025-10-01 03:00:00
2025,10,1,4,23.0,metar,65,metar,0.0,dwd_mosmix,40,metar,7.0,metar,,,1018.0,metar,1,dwd_mosmix,1.0,dwd_mosmix,2025-10-01 04:00:00
2025,10,1,5,23.0,metar,69,metar,0.0,dwd_mosmix,0,metar,0.0,metar,,,1018.0,metar,0,dwd_mosmix,1.0,dwd_mosmix,2025-10-01 05:00:00
2025,10,1,6,21.4,dwd_mosmix,75,dwd_mosmix,0.0,dwd_mosmix,282,dwd_mosmix,7.4,dwd_mosmix,,,1016.7,dwd_mosmix,1,dwd_mosmix,1.0,dwd_mosmix,2025-10-01 06:00:00
2025,10,1,7,20.6,dwd_mosmix,86,dwd_mosmix,0.0,dwd_mosmix,273,dwd_mosmix,3.7,dwd_mosmix,,,1015.6,dwd_mosmix,2,dwd_mosmix,1.0,dwd_mosmix,2025-10-01 07:00:00
2025,10,1,8,20.0,dwd_mosmix,88,dwd_mosmix,0.0,dwd_mosmix,256,dwd_mosmix,3.7,dwd_mosmix,,,1014.8,dwd_mosmix,2,dwd_mosmix,1.0,dwd_mosmix,2025-10-01 08:00:00
2025,10,1,9,19.4,dwd_mosmix,91,dwd_mosmix,0.0,dwd_mosmix,258,dwd_mosmix,5.5,dwd_mosmix,,,1014.8,dwd_mosmix,2,dwd_mosmix,1.0,dwd_mosmix,2025-10-01 09:00:00
2025,10,1,10,18.7,dwd_mosmix,92,dwd_mosmix,0.0,dwd_mosmix,287,dwd_mosmix,5.5,dwd_mosmix,,,1015.9,dwd_mosmix,2,dwd_mosmix,1.0,dwd_mosmix,2025-10-01 10:00:00
2025,10,1,11,17.8,dwd_mosmix,96,dwd_mosmix,0.0,dwd_mosmix,314,dwd_mosmix,3.7,dwd_mosmix,,,1016.8,dwd_mosmix,1,dwd_mosmix,1.0,dwd_mosmix,2025-10-01 11:00:00
2025,10,1,12,20.0,metar,88,metar,0.0,dwd_mosmix,360,metar,39.0,metar,,,1019.0,metar,3,dwd_mosmix,1.0,dwd_mosmix,2025-10-01 12:00:00
2025,10,1,13,22.0,metar,78,metar,0.0,dwd_mosmix,350,metar,4.0,metar,,,1019.0,metar,3,dwd_mosmix,1.0,dwd_mosmix,2025-10-01 13:00:00
2025,10,1,14,24.0,metar,74,metar,0.0,dwd_mosmix,320,metar,6.0,metar,,,1020.0,metar,3,dwd_mosmix,1.0,dwd_mosmix,2025-10-01 14:00:00
2025,10,1,15,27.0,metar,62,metar,0.0,dwd_mosmix,50,metar,4.0,metar,,,1020.0,metar,3,dwd_mosmix,2.0,dwd_mosmix,2025-10-01 15:00:00
2025,10,1,16,29.0,metar,52,metar,0.0,dwd_mosmix,340,metar,6.0,metar,,,1020.0,metar,2,dwd_mosmix,1.0,dwd_mosmix,2025-10-01 16:00:00
2025,10,1,17,31.0,metar,36,metar,0.0,dwd_mosmix,130,metar,6.0,metar,,,1019.0,metar,2,dwd_mosmix,1.0,dwd_mosmix,2025-10-01 17:00:00
2025,10,1,18,32.0,metar,34,metar,0.0,dwd_mosmix,90,metar,20.0,metar,,,1019.0,metar,2,metar,1.0,dwd_mosmix,2025-10-01 18:00:00
2025,10,1,19,33.0,metar,30,metar,0.0,dwd_mosmix,110,metar,9.0,metar,,,1018.0,metar,2,metar,1.0,dwd_mosmix,2025-10-01 19:00:00
2025,10,1,20,33.0,metar,28,metar,0.0,dwd_mosmix,40,metar,13.0,metar,,,1017.0,metar,3,dwd_mosmix,1.0,dwd_mosmix,2025-10-01 20:00:00
2025,10,1,21,33.0,metar,30,metar,0.0,dwd_mosmix,80,metar,15.0,metar,,,1016.0,metar,3,dwd_mosmix,1.0,dwd_mosmix,2025-10-01 21:00:00
2025,10,1,22,32.0,metar,30,metar,0.0,dwd_mosmix,130,metar,11.0,metar,,,1016.0,metar,2,dwd_mosmix,1.0,dwd_mosmix,2025-10-01 22:00:00
2025,10,1,23,31.0,metar,31,metar,0.0,dwd_mosmix,100,metar,19.0,metar,,,1017.0,metar,1,dwd_mosmix,1.0,dwd_mosmix,2025-10-01 23:00:00
2025,10,2,0,29.0,metar,37,metar,0.0,dwd_mosmix,130,metar,9.0,metar,,,1017.0,metar,1,dwd_mosmix,1.0,dwd_mosmix,2025-10-02 00:00:00
2025,10,2,1,27.0,metar,42,metar,0.0,dwd_mosmix,120,metar,7.0,metar,,,1018.0,metar,1,dwd_mosmix,1.0,dwd_mosmix,2025-10-02 01:00:00
2025,10,2,2,26.0,metar,48,metar,0.0,dwd_mosmix,100,metar,13.0,metar,,,1019.0,metar,1,dwd_mosmix,1.0,dwd_mosmix,2025-10-02 02:00:00
2025,10,2,3,25.0,metar,51,metar,0.0,dwd_mosmix,90,metar,9.0,metar,,,1019.0,metar,1,dwd_mosmix,1.0,dwd_mosmix,2025-10-02 03:00:00
2025,10,2,4,25.0,metar,51,metar,0.0,dwd_mosmix,90,metar,17.0,metar,,,1020.0,metar,1,dwd_mosmix,1.0,dwd_mosmix,2025-10-02 04:00:00
2025,10,2,5,23.0,metar,65,metar,0.0,dwd_mosmix,90,metar,20.0,metar,,,1020.0,metar,0,dwd_mosmix,1.0,dwd_mosmix,2025-10-02 05:00:00
2025,10,2,6,20.3,dwd_mosmix,86,dwd_mosmix,0.0,dwd_mosmix,180,dwd_mosmix,7.4,dwd_mosmix,,,1017.2,dwd_mosmix,1,dwd_mosmix,1.0,dwd_mosmix,2025-10-02 06:00:00
2025,10,2,7,20.2,dwd_mosmix,91,dwd_mosmix,,,182,dwd_mosmix,7.4,dwd_mosmix,,,1016.2,dwd_mosmix,1,dwd_mosmix,1.0,dwd_mosmix,2025-10-02 07:00:00
2025,10,2,8,19.9,dwd_mosmix,95,dwd_mosmix,,,199,dwd_mosmix,7.4,dwd_mosmix,,,1015.3,dwd_mosmix,2,dwd_mosmix,1.0,dwd_mosmix,2025-10-02 08:00:00
2025,10,2,9,19.4,dwd_mosmix,99,dwd_mosmix,,,229,dwd_mosmix,5.5,dwd_mosmix,,,1015.4,dwd_mosmix,2,dwd_mosmix,1.0,dwd_mosmix,2025-10-02 09:00:00
2025,10,2,10,18.6,dwd_mosmix,98,dwd_mosmix,,,275,dwd_mosmix,5.5,dwd_mosmix,,,1016.2,dwd_mosmix,2,dwd_mosmix,1.0,dwd_mosmix,2025-10-02 10:00:00
2025,10,2,11,17.9,dwd_mosmix,99,dwd_mosmix,,,319,dwd_mosmix,3.7,dwd_mosmix,,,1017.5,dwd_mosmix,1,dwd_mosmix,1.0,dwd_mosmix,2025-10-02 11:00:00
2025,10,2,12,21.0,metar,83,metar,,,330,metar,4.0,metar,,,1020.0,metar,2,dwd_mosmix,1.0,dwd_mosmix,2025-10-02 12:00:00
2025,10,2,13,22.0,metar,78,metar,,,290,metar,6.0,metar,,,1021.0,metar,2,dwd_mosmix,1.0,dwd_mosmix,2025-10-02 13:00:00
2025,10,2,14,25.0,metar,69,metar,,,290,metar,4.0,metar,,,1021.0,metar,2,dwd_mosmix,1.0,dwd_mosmix,2025-10-02 14:00:00
2025,10,2,15,27.0,metar,62,metar,,,360,metar,4.0,metar,,,1021.0,metar,2,dwd_mosmix,2.0,dwd_mosmix,2025-10-02 15:00:00
2025,10,2,16,29.0,metar,55,metar,,,320,metar,4.0,metar,,,1021.0,metar,2,dwd_mosmix,1.0,dwd_mosmix,2025-10-02 16:00:00
2025,10,2,17,32.0,metar,30,metar,,,90,metar,6.0,metar,,,1021.0,metar,1,dwd_mosmix,1.0,dwd_mosmix,2025-10-02 17:00:00
2025,10,2,18,32.0,metar,32,metar,,,130,metar,17.0,metar,,,1020.0,metar,3,dwd_mosmix,1.0,dwd_mosmix,2025-10-02 18:00:00
2025,10,2,19,33.0,metar,30,metar,,,120,metar,20.0,metar,,,1019.0,metar,4,dwd_mosmix,1.0,dwd_mosmix,2025-10-02 19:00:00
2025,10,2,20,33.0,metar,30,metar,,,120,metar,24.0,metar,,,1019.0,metar,2,metar,1.0,dwd_mosmix,2025-10-02 20:00:00
2025,10,2,21,33.0,metar,32,metar,,,130,metar,13.0,metar,,,1018.0,metar,2,metar,1.0,dwd_mosmix,2025-10-02 21:00:00
2025,10,2,22,32.0,metar,34,metar,,,120,metar,17.0,metar,,,1018.0,metar,2,metar,1.0,dwd_mosmix,2025-10-02 22:00:00
2025,10,2,23,31.0,metar,36,metar,,,100,metar,17.0,metar,,,1018.0,metar,1,dwd_mosmix,1.0,dwd_mosmix,2025-10-02 23:00:00
2025,10,3,0,29.0,metar,43,metar,,,110,metar,13.0,metar,,,1019.0,metar,3,dwd_mosmix,1.0,dwd_mosmix,2025-10-03 00:00:00
2025,10,3,1,27.0,metar,48,metar,,,120,metar,9.0,metar,,,1019.0,metar,2,dwd_mosmix,1.0,dwd_mosmix,2025-10-03 01:00:00
2025,10,3,2,26.0,metar,51,metar,,,90,metar,9.0,metar,,,1020.0,metar,2,dwd_mosmix,1.0,dwd_mosmix,2025-10-03 02:00:00
2025,10,3,3,25.0,metar,54,metar,,,90,metar,6.0,metar,,,1020.0,metar,2,dwd_mosmix,1.0,dwd_mosmix,2025-10-03 03:00:00
2025,10,3,4,25.0,metar,65,metar,,,120,metar,17.0,metar,,,1021.0,metar,2,dwd_mosmix,1.0,dwd_mosmix,2025-10-03 04:00:00
2025,10,3,5,24.0,metar,69,metar,,,100,metar,28.0,metar,,,1021.0,metar,0,dwd_mosmix,1.0,dwd_mosmix,2025-10-03 05:00:00
2025,10,3,6,20.8,dwd_mosmix,84,dwd_mosmix,,,264,dwd_mosmix,3.7,dwd_mosmix,,,1017.5,dwd_mosmix,1,dwd_mosmix,1.0,dwd_mosmix,2025-10-03 06:00:00
2025,10,3,7,20.5,dwd_mosmix,87,dwd_mosmix,,,290,dwd_mosmix,5.5,dwd_mosmix,,,1016.9,dwd_mosmix,1,dwd_mosmix,1.0,dwd_mosmix,2025-10-03 07:00:00
2025,10,3,8,20.0,dwd_mosmix,88,dwd_mosmix,,,288,dwd_mosmix,5.5,dwd_mosmix,,,1016.5,dwd_mosmix,2,dwd_mosmix,1.0,dwd_mosmix,2025-10-03 08:00:00
2025,10,3,9,19.5,dwd_mosmix,90,dwd_mosmix,,,334,dwd_mosmix,5.5,dwd_mosmix,,,1016.6,dwd_mosmix,2,dwd_mosmix,1.0,dwd_mosmix,2025-10-03 09:00:00
2025,10,3,10,18.6,dwd_mosmix,93,dwd_mosmix,,,304,dwd_mosmix,5.5,dwd_mosmix,,,1016.8,dwd_mosmix,2,dwd_mosmix,1.0,dwd_mosmix,2025-10-03 10:00:00
2025,10,3,11,17.2,dwd_mosmix,100,dwd_mosmix,,,290,dwd_mosmix,5.5,dwd_mosmix,,,1016.9,dwd_mosmix,1,dwd_mosmix,1.0,dwd_mosmix,2025-10-03 11:00:00
2025,10,3,12,20.0,metar,88,metar,,,310,metar,3.0,metar,,,1017.0,dwd_mosmix,2,dwd_mosmix,1.0,dwd_mosmix,2025-10-03 12:00:00
2025,10,3,13,20.0,metar,88,metar,,,320,metar,2.0,metar,,,1017.1,dwd_mosmix,2,dwd_mosmix,1.0,dwd_mosmix,2025-10-03 13:00:00
2025,10,3,14,25.0,metar,69,metar,,,330,metar,3.0,metar,,,1017.2,dwd_mosmix,3,dwd_mosmix,1.0,dwd_mosmix,2025-10-03 14:00:00
2025,10,3,15,27.0,metar,62,metar,,,250,metar,2.0,metar,,,1016.8,dwd_mosmix,3,dwd_mosmix,2.0,dwd_mosmix,2025-10-03 15:00:00
2025,10,3,16,30.0,metar,43,metar,,,0,metar,0.0,metar,,,,metar,2,dwd_mosmix,1.0,dwd_mosmix,2025-10-03 16:00:00
2025,10,3,17,31.0,metar,36,metar,,,100,metar,5.0,metar,,,,metar,4,metar,1.0,dwd_mosmix,2025-10-03 17:00:00
2025,10,3,18,30.0,metar,38,metar,,,60,metar,2.0,metar,12.0,metar,,metar,4,metar,1.0,dwd_mosmix,2025-10-03 18:00:00
2025,10,3,19,31.0,metar,36,metar,,,30,metar,4.0,metar,14.0,metar,,metar,6,metar,4.0,dwd_mosmix,2025-10-03 19:00:00
2025,10,3,20,33.0,metar,32,metar,,,140,metar,13.0,metar,,,,metar,4,metar,1.0,dwd_mosmix,2025-10-03 20:00:00
2025,10,3,21,33.0,metar,30,metar,,,100,metar,9.0,metar,,,,metar,4,metar,1.0,dwd_mosmix,2025-10-03 21:00:00
2025,10,3,22,32.0,metar,31,metar,,,120,metar,11.0,metar,,,,metar,2,metar,1.0,dwd_mosmix,2025-10-03 22:00:00
2025,10,3,23,30.0,metar,35,metar,,,100,metar,9.0,metar,,,,metar,2,metar,1.0,dwd_mosmix,2025-10-03 23:00:00
2025,10,4,0,28.0,metar,42,metar,,,120,metar,5.0,metar,,,,metar,2,metar,1.0,dwd_mosmix,2025-10-04 00:00:00
2025,10,4,1,27.0,metar,48,metar,,,130,metar,5.0,metar,,,,metar,2,dwd_mosmix,1.0,dwd_mosmix,2025-10-04 01:00:00
2025,10,4,2,27.0,metar,45,metar,,,120,metar,5.0,metar,,,,metar,1,dwd_mosmix,1.0,dwd_mosmix,2025-10-04 02:00:00
2025,10,4,3,26.0,metar,51,metar,,,80,metar,12.0,metar,,,,metar,6,metar,1.0,dwd_mosmix,2025-10-04 03:00:00
2025,10,4,4,25.0,metar,65,metar,,,110,metar,6.0,metar,,,,metar,2,metar,1.0,dwd_mosmix,2025-10-04 04:00:00
2025,10,4,5,24.0,metar,69,metar,,,120,metar,6.0,metar,,,,metar,2,metar,1.0,dwd_mosmix,2025-10-04 05:00:00
2025,10,4,6,20.8,dwd_mosmix,82,dwd_mosmix,,,316,dwd_mosmix,3.7,dwd_mosmix,,,1014.8,dwd_mosmix,1,dwd_mosmix,1.0,dwd_mosmix,2025-10-04 06:00:00
2025,10,4,7,20.6,dwd_mosmix,83,dwd_mosmix,,,286,dwd_mosmix,5.5,dwd_mosmix,,,1014.3,dwd_mosmix,1,dwd_mosmix,1.0,dwd_mosmix,2025-10-04 07:00:00
2025,10,4,8,20.1,dwd_mosmix,81,dwd_mosmix,,,323,dwd_mosmix,5.5,dwd_mosmix,,,1013.5,dwd_mosmix,2,dwd_mosmix,1.0,dwd_mosmix,2025-10-04 08:00:00
2025,10,4,9,20.1,dwd_mosmix,82,dwd_mosmix,,,329,dwd_mosmix,5.5,dwd_mosmix,,,1013.8,dwd_mosmix,2,dwd_mosmix,1.0,dwd_mosmix,2025-10-04 09:00:00
2025,10,4,10,19.4,dwd_mosmix,83,dwd_mosmix,,,281,dwd_mosmix,5.5,dwd_mosmix,,,1013.8,dwd_mosmix,2,dwd_mosmix,1.0,dwd_mosmix,2025-10-04 10:00:00
2025,10,4,11,17.5,dwd_mosmix,80,dwd_mosmix,,,246,dwd_mosmix,7.4,dwd_mosmix,,,1013.7,dwd_mosmix,1,dwd_mosmix,1.0,dwd_mosmix,2025-10-04 11:00:00
2025,10,4,12,21.0,metar,88,metar,,,330,metar,2.0,metar,,,,metar,6,metar,1.0,dwd_mosmix,2025-10-04 12:00:00
2025,10,4,13,23.0,metar,83,metar,,,320,metar,2.0,metar,,,,metar,4,metar,1.0,dwd_mosmix,2025-10-04 13:00:00
2025,10,4,14,24.0,metar,78,metar,,,0,metar,0.0,metar,,,,metar,4,metar,1.0,dwd_mosmix,2025-10-04 14:00:00
2025,10,4,15,25.0,metar,74,metar,,,0,metar,0.0,metar,,,,metar,6,metar,1.0,dwd_mosmix,2025-10-04 15:00:00
2025,10,4,16,26.8,dwd_mosmix,55,dwd_mosmix,,,38,dwd_mosmix,9.3,dwd_mosmix,,,1014.5,dwd_mosmix,2,dwd_mosmix,2.0,dwd_mosmix,2025-10-04 16:00:00
2025,10,4,17,30.7,dwd_mosmix,49,dwd_mosmix,,,78,dwd_mosmix,9.3,dwd_mosmix,,,1014.2,dwd_mosmix,1,dwd_mosmix,1.0,dwd_mosmix,2025-10-04 17:00:00
2025,10,4,18,31.4,dwd_mosmix,49,dwd_mosmix,,,107,dwd_mosmix,9.3,dwd_mosmix,,,1014.0,dwd_mosmix,5,dwd_mosmix,1.0,dwd_mosmix,2025-10-04 18:00:00
2025,10,4,19,31.1,dwd_mosmix,44,dwd_mosmix,,,62,dwd_mosmix,11.1,dwd_mosmix,,,1011.6,dwd_mosmix,4,dwd_mosmix,2.0,dwd_mosmix,2025-10-04 19:00:00
2025,10,4,20,31.5,dwd_mosmix,42,dwd_mosmix,,,77,dwd_mosmix,11.1,dwd_mosmix,,,1009.4,dwd_mosmix,4,dwd_mosmix,2.0,dwd_mosmix,2025-10-04 20:00:00
2025,10,4,21,31.1,dwd_mosmix,44,dwd_mosmix,,,90,dwd_mosmix,13.0,dwd_mosmix,,,1008.8,dwd_mosmix,4,dwd_mosmix,2.0,dwd_mosmix,2025-10-04 21:00:00
2025,10,4,22,29.9,dwd_mosmix,49,dwd_mosmix,,,112,dwd_mosmix,13.0,dwd_mosmix,,,1009.1,dwd_mosmix,2,dwd_mosmix,2.0,dwd_mosmix,2025-10-04 22:00:00
2025,10,4,23,28.7,dwd_mosmix,56,dwd_mosmix,,,155,dwd_mosmix,13.0,dwd_mosmix,,,1009.4,dwd_mosmix,1,dwd_mosmix,1.0,dwd_mosmix,2025-10-04 23:00:00
